scenario_idx,effective_snr,overlap,sir,isi_spread,mem_len,mae_raw,mae_log10,p95_raw,bias_raw,region_acc
0,71.06371272320663,2.5091330129725322e-09,0.7400653191031287,0.0643861656990943,8,0.006384171401643632,0.027358987818632254,0.008398105148085871,-0.00012325639506583074,0.95
1,144.67602920480329,1.8132069740891695e-17,0.22957499453686905,0.0530794942163553,14,0.014985969174416863,0.021303715263654478,0.06870447385633442,-0.009440842186533637,0.735
2,303.90546914610184,6.488677783373887e-35,0.4471222257409348,0.033858089302774945,11,0.004976132218000918,0.007415582949780686,0.012695227017558411,0.0010063252031099466,0.915
3,1254.4853228225084,1.9884711113814773e-138,0.47538542183962185,0.0165130606148617,10,0.005588191731317954,0.008206899003330034,0.018213474983310808,0.003485245619468679,0.93
4,11872.915408334075,0.0,1.0428765387236303,0.0046290258540937,6,0.005832049851557683,0.025122339268027077,0.013567656213671085,0.002615483185110683,0.92
5,503.7374320703886,1.0163626059814693e-56,0.21078533408858793,0.028652910107784223,14,0.014658137472773525,0.019051233450455705,0.054883144860628286,-0.006152673704189212,0.71
6,117.95307557860284,1.5956325997439305e-14,0.20466205419473385,0.059362081904456125,14,0.017308629914992716,0.023613902533292288,0.0753744866029841,-0.011541705791330443,0.72
7,2040.6953414987668,6.783594230950786e-224,0.5060203043908835,0.012832207721266326,10,0.0062024167476272376,0.00981395139674877,0.017784733368357505,0.0041753071570994225,0.93
8,2224.8554056967414,6.57367460883986e-244,0.27343935773607736,0.01330566640184753,14,0.009595027096803838,0.012339096455883198,0.03214486436818581,0.00012142476979202927,0.78
9,72.5809554354426,1.6999240848569025e-09,0.5786225570871,0.06663252996851154,9,0.0062194246439516996,0.020709975686282828,0.012443040346147308,1.9720926349511558e-05,0.945
10,7291.349784402909,0.0,1.1477805867453408,0.005766526344493749,6,0.005812675283874055,0.02688323899490233,0.013427687308938124,0.0012561098929590394,0.935
11,22.360597547128336,0.0008267045902880478,0.2935730081405762,0.13179580391827495,14,0.014270395542883934,0.024587131465732708,0.04558888139995719,-0.009303864911087551,0.76
12,2491.309065397189,7.302109650011176e-273,0.6738425221847016,0.011060637525877572,8,0.004547271122615746,0.010183508208910284,0.0108618920808499,0.003398188087389316,0.94
13,74.91851356282379,9.334263073844618e-10,0.1762967749651787,0.07535519666557544,14,0.021135724227978533,0.027539476334159128,0.08397329230660788,-0.015041077427064436,0.695
14,22.42327268131446,0.0008128601180509058,0.43778104703964676,0.12507342848882805,11,0.009140355077675412,0.02768122998073723,0.01855425167992659,-0.003010000089628394,0.905
15,6684.145637584785,0.0,0.6994594404610753,0.006699738228441901,8,0.005168457191196867,0.01167675562346883,0.014428086693235424,0.0035599600111198247,0.935
16,17.3891436056596,0.0031915908556900442,0.38330663770488954,0.14476162064015613,12,0.01088720042115155,0.02959244357417297,0.027416556134356524,-0.005215475904175929,0.815
17,124.46238602393936,3.054117702934659e-15,0.20973174282893187,0.05766292788425964,14,0.016735268873898267,0.023019461830828883,0.07402652566430494,-0.01108773672324746,0.715
18,60.998917239583804,3.339596893236261e-08,0.30013759325565315,0.07954889389362674,14,0.01034445758482081,0.016147879867095694,0.04129825269900912,-0.0068108743283134396,0.78
19,5141.067534246366,0.0,0.23382785129957973,0.008889575794186583,14,0.015432139758668549,0.018653322227558732,0.04281256152157726,-0.0042360297070375905,0.655
20,4907.159079546419,0.0,0.5173939566269947,0.008251303730153179,10,0.007240190483912101,0.011851056763460195,0.021031837876046906,0.005272305988961263,0.89
21,3288.3924307680763,0.0,0.2286362519662697,0.01113771771421291,14,0.014289144864454872,0.01743396281198082,0.034824331429750624,-0.003935806331839754,0.665
22,104.58116328095988,4.786646795886549e-13,0.6661883417807565,0.05410159766265805,8,0.0059987045155781675,0.021058068443333876,0.010939934974215356,0.0003691392986146187,0.95
23,990.9687131874042,9.130446011799674e-110,0.36155771291808503,0.019316214418464435,12,0.009088034865838734,0.013973533837411315,0.024809480287326345,-0.00035856482423729367,0.85
24,9.7880431930172,0.02694984009466789,0.2617953464558663,0.2015250482228769,14,0.01897098782677189,0.03562537904557911,0.0606269297769197,-0.013438967890336556,0.72
25,411.0863857486121,1.2890313358164864e-46,0.24730678117795948,0.031272004426123885,14,0.012136684313713189,0.01717849247181677,0.05787547439594484,-0.004976712604591396,0.735
26,297.24823919577005,3.465001283370853e-34,0.24387944575730014,0.03681039096733146,14,0.012412604949201916,0.01775351174231242,0.06058450300698877,-0.006307917026518113,0.74
27,16.492662813613777,0.004083444596526587,0.3789732536964385,0.14864892476507008,12,0.011080232497825923,0.029945555549260434,0.02858718655822062,-0.005484263444312996,0.82
28,735.7437320301341,5.439492761861897e-82,0.6591612209217881,0.02042063613106819,8,0.004616617719343432,0.00973396518858143,0.008901780993571461,0.0019120049410109297,0.93
29,24.53870477035826,0.00046045803679859267,0.547837281539697,0.1154759209669198,9,0.007070364245861226,0.02638471198408557,0.01458253569712199,-0.0017311948174800402,0.875
30,14.376435024170284,0.007338384326457514,0.24799227627768522,0.16716773752158592,14,0.018521420618147943,0.028623759183458226,0.06321607062866103,-0.013289587008180954,0.75
31,8780.891193210597,0.0,0.8434589310636997,0.005640634539724063,7,0.004865366902494536,0.013107288486386958,0.012279817735067098,0.0028459665290677043,0.94
32,44.901929532368364,2.155771838748088e-06,0.10287239753072182,0.10047381222529142,14,0.03450159158358009,0.04000183627325701,0.12416608752984551,-0.02583792173345544,0.675
33,5582.070335020986,0.0,0.2922527399690724,0.008340922895910005,14,0.00871811249068105,0.010024857449691083,0.03567225365942235,0.0011833957160845528,0.755
34,73.57414349879521,1.3176111357727467e-09,0.6111178181013707,0.06544098154895506,9,0.006487968502980762,0.023124893933277896,0.01062338148650194,0.0003075872540083629,0.95
35,6440.6753654572485,0.0,0.9834240448714558,0.0063362103074063175,6,0.005465141858184981,0.01783532723800967,0.012837767264912227,0.002415876588753224,0.945
36,1277.9764117781715,5.546138492240361e-141,0.23203929838262605,0.01784078423498267,14,0.013247027423786807,0.01688775595868864,0.04049705041897541,-0.002992751446254838,0.7
37,153.55559017389098,1.913166198010798e-18,0.5578384098667112,0.04607145094843303,9,0.005993159280542279,0.013417929656320772,0.010135408382144865,-3.328061888492509e-05,0.925
38,113.57988428196305,4.849403303015529e-14,0.7110088127311865,0.05138792010640745,8,0.0059346901591989555,0.022489647999152,0.009193424523077497,-1.2589740269342703e-05,0.96
39,77.2362313358619,5.153833757299565e-10,0.3281033712475836,0.06997686495001161,13,0.008864055361337277,0.014115690834995396,0.03427825976825095,-0.0050505622127231045,0.83
40,3.0379055487034226,0.2177780385098479,0.15425623604165903,0.3776875985366692,14,0.030827576707241944,0.04096883204531907,0.11231096856660666,-0.026530174236078286,0.65
41,621.9879472867491,1.3264635636919748e-69,0.481304342403594,0.023424854819439112,10,0.004775216591838677,0.007331893600815626,0.014539591616280354,0.0026519630372220165,0.935
42,2824.269816135272,4.847254545907674e-309,0.49161159745671695,0.01095998817869171,10,0.006265177163782329,0.009373494384994288,0.019210856456620778,0.0043454895212749175,0.93
43,770.1967233640282,9.660218982779627e-86,0.8794834902219395,0.0189053485983896,7,0.005836945432062343,0.019470120275009998,0.007607625226242214,-0.0009513344198778194,0.935
44,244.25112096530546,2.166816596856216e-28,0.8218771435308704,0.03390577540715569,7,0.005838962700952759,0.02142874295253216,0.007469624283368344,-8.351993248598852e-05,0.955
45,130.83666836684637,6.0572741211114e-16,1.0183958134013258,0.04447876366490335,6,0.0052365746942172105,0.026776842831091795,0.007172695135211886,-0.0005402428399509741,0.955
46,17587.78133897378,0.0,0.7236535612252759,0.004099280010375514,8,0.00672769546755568,0.014430738365441717,0.021951729061240922,0.0032059857779793205,0.925
47,17.708673843655323,0.002923933180688386,0.2611092821726537,0.14989681356944035,14,0.016873242465061628,0.026202722241324573,0.057680357980677076,-0.01186724761905427,0.745
48,584.019777486535,1.813948172241692e-65,0.2849038477880667,0.02586635630851836,14,0.010376690961722368,0.015306306009983638,0.04456568995132592,-0.0029279290853037724,0.775
49,224.55838883583152,3.103756981557708e-26,0.3282034481406585,0.041066794450299135,13,0.009161207983116893,0.01445789588671405,0.03409293316904155,-0.003971153594287321,0.85
50,23.611832940163996,0.0005904279040389526,0.2054038828263838,0.1326377806150121,14,0.019053939137746445,0.027117392951132756,0.07934311024124178,-0.015243997501945621,0.7
51,96.72705713022326,3.5409291212902232e-12,0.11389104772148383,0.06811775226601777,14,0.03147094627854359,0.03679587828312791,0.11267822990708169,-0.023037655359052053,0.66
52,1383.63927563562,1.7971839278899347e-152,0.16056702055826355,0.017649257887987407,14,0.023212816893625865,0.027711068950373074,0.06648249158577925,-0.012027008806787986,0.665
53,8.431376964120961,0.04005180945247712,0.26978315188530516,0.21645763895445758,14,0.018873499939933116,0.037537609010628574,0.05961938256792877,-0.013666449853949802,0.725
54,2454.5598142165836,7.18901510259055e-269,0.5857522644155495,0.011413695245812533,9,0.005589938264269112,0.010483282218874906,0.01342247254906718,0.003917979053664963,0.93
55,13880.222943221706,0.0,0.8484070733228821,0.0044736121923493926,7,0.005258860838766953,0.013222734223724998,0.015567185364985909,0.0030555379565091745,0.93
56,728.4990279206233,3.3441008920781707e-81,0.4219548544386501,0.022057219384754165,11,0.005667161385887462,0.008166483185806038,0.017459273428423114,0.001494585736726154,0.91
57,80.55175594340086,2.2051495609451367e-10,0.8004239277429963,0.05950536985373101,7,0.005762668547233575,0.025207706232866393,0.009360716574173825,-0.0002582490962411919,0.955
58,10727.425252655596,0.0,0.5836434024109791,0.005479109239745258,9,0.007737827948026913,0.013487850880026584,0.02186207326166953,0.0059000828887465296,0.93
59,1430.347249088309,1.5002021948201676e-157,0.4436846806944001,0.015637156618990355,11,0.00600582822720324,0.008333496092892589,0.019561687064497745,0.0031308291028974756,0.925
60,15534.881858595316,0.0,0.7462167670969589,0.004353701501798655,8,0.006051651886200315,0.01455458047222766,0.017874265222785676,0.003776346710198122,0.935
61,42.064931621929674,4.515663951873825e-06,0.4244704142777497,0.09176226835271785,11,0.008616813732074511,0.020581377881341033,0.01901219068782098,-0.0027293868199906074,0.895
62,161.2657136433888,2.7180232508922583e-19,0.3659890305527354,0.047804477371486416,12,0.007419929821804253,0.011939768770786311,0.024479897835258484,-0.0027736122788119023,0.825
63,11813.25501705506,0.0,0.4532346073548353,0.005423470783817298,11,0.009934786872423622,0.013790034333862933,0.03401062129371548,0.004989562617214139,0.945
64,6897.113894863535,0.0,0.44520104545736466,0.007123010670733994,11,0.007726837005925674,0.010612004770286818,0.02582943700436509,0.005414681131346093,0.95
65,98.96991872932429,1.998984182779027e-12,0.3898388264419771,0.060516740282054386,12,0.006796339920067991,0.010265389393913598,0.019974836515672095,-0.0025221250204360435,0.81
66,145.37437585746608,1.519171298145947e-17,1.058622308531723,0.041728115651272095,6,0.00527174085182423,0.028421679474639073,0.0067179404775855565,-0.0005418058711885533,0.96
67,14466.598866814193,0.0,0.485310663455599,0.004856015207596378,10,0.01000290311904766,0.014193337942376904,0.033742493453747205,0.005640759233868071,0.945
68,2139.453282727233,1.2551911514127348e-234,0.37183243745922534,0.013085860912968907,12,0.008527761344081248,0.012546519846907857,0.024222390802641,0.0007521060677117146,0.865
69,14.398546137441354,0.00729331179525792,0.2654951893722859,0.16592182651434378,14,0.017388786805137713,0.030190120672451033,0.05676067755907355,-0.012047826968875115,0.75
70,1030.576928072246,4.4834034759555735e-114,0.8007527433074689,0.01664186238460219,7,0.004891622373799373,0.011034042637543075,0.007703860966502425,0.00016185427312471847,0.945
71,866.7780547110875,2.9735358803331343e-96,0.4091311844977726,0.020309922226673018,11,0.006511245245580503,0.009657448280124577,0.018139519049949118,0.001017610298663091,0.87
72,1246.2794428947414,1.5519650348016955e-137,0.31692580035429585,0.017511078958538078,13,0.009718768770833058,0.01416931143235547,0.03497584907180904,-0.0007735483358848079,0.885
73,4023.7923478347298,0.0,0.29453534263177295,0.009816501349246276,14,0.008447426828064679,0.010254170399045935,0.02539848112370309,0.0017472713507927355,0.77
74,59.0679696785444,5.494478064558406e-08,0.4440390890841799,0.07700592669487394,11,0.007857691807177223,0.01816619208663676,0.01613947846193613,-0.002083385154900248,0.905
75,702.605790598422,2.2050436015548036e-78,0.2325499198218528,0.024049066885592257,14,0.012979036043998207,0.01718357306398643,0.049214944601898306,-0.0039026624743637504,0.72
76,128.00735727209718,1.2418711001061247e-15,0.32520055638329326,0.05442086986229261,13,0.00898178669826019,0.014276356258534186,0.03469484969261255,-0.004859564981416507,0.84
77,2873.8148125497487,0.0,0.2586018980223716,0.01177758300719535,14,0.010641034109698992,0.013169701423767976,0.03021641703724961,-0.0005203987588426793,0.745
78,57.117070693437384,9.090820778363995e-08,0.9769976252363294,0.06775763135175109,6,0.0055923409908374445,0.030209338864993662,0.007998963305686913,-0.0009458208083673741,0.92
79,142.76323985598856,2.9440188464660105e-17,0.26383631398918184,0.05271875140698693,14,0.012589124972560706,0.01886055354342749,0.056631962521813496,-0.007901638511255592,0.755
80,3180.341724301668,0.0,0.18471149675084209,0.011524483168921006,14,0.02225866839582218,0.026763684238865024,0.05359903613879427,-0.010200135517526625,0.625
81,18294.276800347376,0.0,0.41418473207350187,0.004418731018742076,11,0.012283835858260287,0.01678524251396234,0.04457618233050398,0.0017940415112562193,0.86
82,21.55618810177798,0.001027083854102512,0.45318277387677547,0.12699591161247847,11,0.008779825763255032,0.02782962323773651,0.016672625025701358,-0.0027220954791444796,0.91
83,12706.883248457707,0.0,0.5679830180907571,0.005046217690544076,9,0.008505259721865261,0.013753607778139356,0.026857210429321175,0.0055137997654077986,0.915
84,784.6649410897837,2.5709843423044273e-87,0.3082794273691519,0.022133029848473287,13,0.01007466834907947,0.014971628437082125,0.03919807269845769,-0.0017629569896351622,0.835
85,4449.786896245546,0.0,0.40513457847125145,0.008985704864752269,11,0.0072486296295924835,0.009721335227177141,0.02495069009571179,0.003081521764823694,0.835
86,32.26545617024511,5.9054649218276416e-05,0.5600604936232527,0.10041858038010654,9,0.0067003134284874845,0.024799063415536463,0.014208320195515954,-0.0009493316225024185,0.92
87,3430.680030546435,0.0,0.9823603788171156,0.008706666236343166,6,0.005551852689057007,0.017054290262739063,0.010796901869983529,0.0017767513218083222,0.95
88,176.9407532530922,5.160188380797194e-21,0.5299587401210534,0.043339873144621,10,0.00642022451392493,0.012023752998234884,0.0101808970715721,-0.00046448704761744577,0.895
89,147.40378869883054,9.085164596192352e-18,0.1349498659097306,0.05467199396490172,14,0.026255307760808554,0.031515861330972054,0.09784907663111399,-0.018524721199332392,0.665
90,6.720654705071566,0.06678479161781084,0.2076548172695028,0.24834480873994516,14,0.024378037689934774,0.03767727929325356,0.08377011377530802,-0.01909581408424665,0.675
91,778.097125431034,1.3335427696991418e-86,0.3675801573787956,0.021732040152492638,12,0.008643330581575803,0.013449008726786,0.022829091616205197,-0.0006905740776592385,0.855
92,1941.2860934396952,4.320206046761798e-213,0.707515616361591,0.012427734097240795,8,0.004345448299737464,0.010715213855093459,0.009755170290481391,0.0027772496144556017,0.95
93,309.4159884085682,1.6218339229992773e-35,0.2919654559935813,0.03544407590994599,14,0.010263855363124696,0.01562380567025011,0.0442484844838076,-0.004610543058002114,0.78
94,34.24310684711191,3.506214288002875e-05,0.21306680810912182,0.10980403789469585,14,0.01794837265898797,0.02574952393852237,0.0760543856846339,-0.01411577943735546,0.705
95,430.37224481325575,1.0149972364557689e-48,0.6214197601723387,0.026985446536260473,9,0.006513144299130557,0.013338594412955485,0.011737039021716847,0.0006527006019889604,0.95
96,30.727072576777168,8.868328009859212e-05,0.5574300345911201,0.10297115492911542,9,0.006756294805189618,0.02502738692661265,0.014304786701549025,-0.001073947598896754,0.915
97,804.3123685279081,1.868803154632545e-89,0.43944368792702115,0.020878475386032793,11,0.0055823453397034085,0.007940088204715683,0.01766447842725766,0.0023370992487462333,0.92
98,2583.0897403900794,7.774000652054698e-283,0.33087407721970696,0.01209449367522334,13,0.009021059593110942,0.012566077731762769,0.0279455196642317,0.0012253514859781552,0.92
99,619.1038182259952,2.7342517528370537e-69,0.4507146444288915,0.023718698479854233,11,0.005443303573540717,0.007995026092870344,0.0159869274700394,0.002251837499565297,0.93
100,479.347775159375,4.6324718163759395e-54,0.3818631745051845,0.027573322371103166,12,0.007277762948946782,0.011294629439088771,0.019189338259903623,-0.0009547020404764607,0.84
101,79.54459098359884,2.853643630006072e-10,0.6957137691635298,0.06160125296053311,8,0.006060301621063818,0.023999267933915828,0.0102226620017294,7.873614337905357e-05,0.95
102,24.473706334661166,0.0004685478432130616,0.1659961020514372,0.1323998232507598,14,0.024023531442958355,0.03152545191475061,0.09413996194307933,-0.018958329303575595,0.695
103,2757.1139640577117,9.595510653251187e-302,0.31171104306848785,0.011784179129026429,13,0.008830932671105738,0.011798546660197534,0.03138924721273463,0.001268441849999793,0.875
104,52.23880108231909,3.20943043399174e-07,0.4938688915683013,0.0805918634468258,10,0.0070198576616311735,0.02052994801187592,0.014231918325277464,-0.0011076052891958526,0.945
105,139.764871709151,6.294646075971902e-17,0.5002567038285399,0.04907197111554885,10,0.00628260883998794,0.011400518296969545,0.010727289538454003,-0.0006028002198972498,0.925
106,16.03895880350173,0.004627687084663266,0.40918115230079843,0.14934874167395418,11,0.010956261344460299,0.03142312706397517,0.02508647523526821,-0.005052669546739731,0.785
107,1535.3930357105244,5.696402325155356e-169,0.2188968276047846,0.01635872520818981,14,0.014452477984609574,0.018006636909652294,0.04216164437375054,-0.004051415036161262,0.685
108,118.33575698781965,1.4477795866427394e-14,0.8483749167206851,0.048543957711000695,7,0.005538488907865839,0.024637045807273345,0.007246435679061678,-0.0003679917867179976,0.95
109,437.1490594928086,1.8506295720354246e-49,0.5297682847890149,0.027529042156977317,10,0.005193144335175113,0.008791978743769933,0.011869307033094557,0.00209286332074715,0.91
110,60.22125852159634,4.0808833543835957e-08,0.8757107963019445,0.06755721729672036,7,0.006033003600050388,0.028992431027264426,0.007398393693835009,-0.0006218898015339004,0.945
111,823.9429012440469,1.364566746836553e-91,0.6680773957366541,0.01924216704643901,8,0.004615511013034284,0.010205028044726871,0.009120246012266275,0.0020830696267363316,0.955
112,3182.1157014881132,0.0,0.8747154082940501,0.009269701462677325,7,0.004375820093982664,0.014410002678621551,0.008983629715959817,0.0017854300241971197,0.94
113,207.05278473302326,2.569483442044577e-24,0.21040430119158177,0.04470252235428755,14,0.01533916471054024,0.0208258389362204,0.07030658149459888,-0.009164020079619625,0.705
114,4752.762348978071,0.0,0.4243861765403757,0.008626217492676665,11,0.0067433745747804315,0.008824413107758809,0.024106281590430014,0.003918710573640376,0.93
115,161.1811787016902,2.7767873733732204e-19,0.4514760985567028,0.04643811173693757,11,0.005607051111482837,0.008204065794877757,0.01170590252708421,-0.0004105840919277924,0.91
116,5157.317840461564,0.0,0.2966974745527177,0.00866584631395159,14,0.008440255703971614,0.009861518548713264,0.03347672749757796,0.0017323571423766874,0.775
117,20.910867912989332,0.0012228918116961006,0.4147749487581131,0.13064277129807336,11,0.010228662958927664,0.028902231735745815,0.022978407421466857,-0.004009629070482253,0.795
118,24.180241927920964,0.0005068968557214414,0.49636625963945863,0.11836454748146716,10,0.007869971412771973,0.026776222445732637,0.01539368617814768,-0.0020743602815146743,0.935
119,1747.767737563514,4.6692446016248075e-192,0.661986004956942,0.013221852896536162,8,0.004432012256810986,0.009890194575544454,0.010835419179637918,0.0033991540080353074,0.94
120,16257.408713228362,0.0,0.5616467071609972,0.004466588289370694,9,0.009644069825610913,0.01499781157918218,0.03048282745454788,0.005096102050002573,0.935
121,203.47166287492462,6.344235366047564e-24,0.3102131410882861,0.04340959024160121,13,0.009901976890416107,0.015494759278330548,0.040961675870980076,-0.004867901070706241,0.845
122,260.02637427991846,4.070643002735899e-30,0.8197804261051135,0.03289890319222926,7,0.005830808049213546,0.020624405964588158,0.007410706422520931,-0.00012461511532628925,0.945
123,4.788806705994603,0.121770201323558,0.17393272315126726,0.2983471049183994,14,0.027529239076494252,0.03732853681895953,0.09986173302102043,-0.022539908265063417,0.66
124,23279.38409079114,0.0,0.5871150715367789,0.0037102323495551617,9,0.01062889341619612,0.01729076398309515,0.03544301791869599,0.005002138727490878,0.93
125,1724.0017707933919,1.788833318174544e-189,0.2661053748454906,0.015157387198370252,14,0.01022793429259725,0.013369548024703398,0.034364944915278174,-0.0006538809854877417,0.76
126,6.4862053050013,0.07172469019934895,0.1946648349369263,0.2541867641521513,14,0.025200220946659916,0.03589276067679295,0.08900638506245427,-0.019920588327693906,0.665
127,7571.113559865309,0.0,0.58254808134258,0.006498967365704229,9,0.007054515390411963,0.01250773551820129,0.020595170973600644,0.005287423979722225,0.925
128,223.61923744391788,3.9332293665053165e-26,0.1597935853932415,0.04391877903774346,14,0.021304622678445254,0.026380216720301677,0.08101052704307099,-0.0137828085271706,0.685
129,79.52776022369915,2.865965772686115e-10,1.05389315075574,0.056607247458592407,6,0.0053986194044807045,0.0297054775022578,0.0069117078421748876,-0.0008342695281492769,0.955
130,1753.628975861344,1.0768257128597493e-192,0.22428948668776802,0.015273954368485469,14,0.013823384096383791,0.01722718856813507,0.0407542827822865,-0.003554534787689212,0.68
131,123.25516247238028,4.149650269429516e-15,0.2999633133268445,0.05597029831359861,14,0.010127103942484441,0.015698345947095172,0.04097688307693121,-0.006236227573653302,0.815
132,14.431828651395852,0.0072259996189736435,0.11674431158440082,0.17612805686184246,14,0.03208576796510383,0.03848107388287986,0.11903545364925476,-0.024417890378371245,0.65
133,174.85521547379787,8.742167233682607e-21,0.3246872841356633,0.04658307982558057,13,0.009143013111622755,0.014457691891297695,0.03478061456152505,-0.00453019451918046,0.85
134,1530.5100205943604,1.9340031911127463e-168,0.6954119699157596,0.013996185574575612,8,0.004517721593548655,0.011457474767231843,0.010650055953985955,0.0028878831953791317,0.955
135,32.90217151949665,4.992158216205994e-05,0.16153008999939736,0.1144081179806561,14,0.024510195611738145,0.03160988327129962,0.09443512115155157,-0.01864123328829506,0.695
136,1324.564606927509,4.764203027202096e-146,0.4732763955079847,0.016084215307669545,10,0.005637484899001437,0.008201882351394345,0.01842832023400337,0.003506172398750394,0.935
137,1538.4937614619366,2.6212393583057228e-169,0.8482297017893272,0.013428170514505936,7,0.005055636069939362,0.014064757677749668,0.008375743923534016,0.0006881545154179486,0.945
138,1881.2820191997073,1.4360437348162663e-206,0.19344720371947718,0.014930403892395163,14,0.01807278663267766,0.022022133747115966,0.049071121021061176,-0.007439115723215566,0.645
139,124.81029261247903,2.7959165612405655e-15,0.4433566582590399,0.05292500806246833,11,0.0062878991713263156,0.009475422956465302,0.012969168908964952,-0.0013287603577939683,0.915
140,200.5344406222769,1.331625136904061e-23,0.6895366616886839,0.03877350110816679,8,0.00617463191025262,0.018523906162999836,0.007692089066334982,0.0001821004905036573,0.935
141,314.7502084698899,4.2382373688464466e-36,0.363854128780877,0.03423446601724218,12,0.008119172870541286,0.01301862972281362,0.02430694918080608,-0.002279898897478485,0.845
142,7779.50113810593,0.0,0.6911296476669461,0.00623322363580123,8,0.005407086977997408,0.011685710170846972,0.015855824788476507,0.003972003879600839,0.95
143,9102.69119523956,0.0,0.40401426460653506,0.00627609447217283,11,0.009171905161174854,0.012027144190779946,0.033591542970635185,0.0026440250995650007,0.84
144,52.264548746777535,3.188103418237915e-07,0.5962010715152634,0.07804979460599366,9,0.006468933284252231,0.023892436120903224,0.012137004132484192,2.1810359284540683e-05,0.945
145,541.3169198762399,8.154576579050086e-61,0.45223757057054054,0.02533333266496482,11,0.0053560977520096574,0.00793768340219517,0.015205218763140899,0.002076120105249475,0.925
146,38.19046361637726,1.2435518562681941e-05,0.5678292079158527,0.09209595042301265,9,0.006541808292734067,0.024069874150547663,0.013962952268280608,-0.0005802323344385989,0.92
147,437.77695080324526,1.5806589684384757e-49,0.5179589924909959,0.0276373328944709,10,0.004771115553736681,0.0077218133803961565,0.01129790362106583,0.002124255721467068,0.885
148,486.1640086482517,8.36967295599292e-55,0.42930769690179543,0.026935633957668684,11,0.005237981063473896,0.007715692153082844,0.015315570657361992,0.0012392266758088368,0.91
149,11292.96415258,0.0,0.7277371809121329,0.005119779764921355,8,0.005568340200783773,0.013065930193671336,0.015825596552986227,0.00368970438794409,0.95
150,2030.1882485258782,9.405279941730018e-223,0.48582389657364916,0.012943699837235303,10,0.005975466463749765,0.00883378772230184,0.018957479777198572,0.004025616697499295,0.935
151,283.5656173227061,1.0848549674835841e-32,0.36369362054552756,0.036070193712422864,12,0.008050094393505635,0.012918135818557847,0.02425229554708549,-0.002425269332800515,0.85
152,6968.615711284826,0.0,0.31639256026750867,0.007404967575243233,13,0.008497284645602003,0.009691890086381999,0.03666090782158667,0.0022845514155138695,0.865
153,534.3100768925945,4.731165971205585e-60,0.278573058941749,0.02709923777769677,14,0.010565618165214013,0.01553965400906953,0.047220436425055315,-0.0033235476380853533,0.765
154,25.623617068482357,0.000344438455440566,0.6646011413855528,0.1091393105592715,8,0.006118638396639881,0.026986376441722935,0.01147686929179748,-0.0014291107940986088,0.935
155,6700.357384778183,0.0,0.44067847297291146,0.007234910931483057,11,0.0075197197856070345,0.010117570229244088,0.026796967542098753,0.00519423098245822,0.94
156,7324.10312619598,0.0,0.3189828970323986,0.007208827538687511,13,0.008907646065025844,0.010251880530827005,0.04122916113426867,0.001821795782504335,0.845
157,810.6159039765978,3.850161989369697e-90,0.41068393390264923,0.02098458817335019,11,0.0063051378330690995,0.00933020968552194,0.017651450951066173,0.0010185748026995145,0.88
158,7.054004325128128,0.06037686155751981,0.23808815676388567,0.2395380282758662,14,0.021975256330696462,0.039603803394197196,0.07246573745778509,-0.01670913896901646,0.675
159,5886.569126335967,0.0,0.8758946510377519,0.006832666481093423,7,0.004569955206340268,0.01439925790526465,0.009915696076733581,0.002119617728853845,0.95
160,98.57348532154758,2.2115203771780135e-12,0.8055399079083398,0.05374130486636338,7,0.0056705006939176995,0.024291396186162523,0.00906501044753811,-0.00023637283750479302,0.95
161,7038.670493430644,0.0,0.29719573933300275,0.007413436574053838,14,0.00913531156374679,0.010354670138472428,0.042357679140193595,0.0010029814855798578,0.77
162,121.44745718477063,6.567373704316717e-15,1.150205945681838,0.044571587910014546,6,0.0056025062309721565,0.03439876889451329,0.006933668709508824,-0.000534053150357144,0.965
163,83.56230028837514,1.0208284655258899e-10,0.3600689245123909,0.06654889892918192,12,0.007852642461372654,0.012493748288965545,0.028595094133286474,-0.0035861316966102844,0.825
164,4254.261601794506,0.0,0.4416330823124061,0.00906366852794595,11,0.006699001224870224,0.009015810938152504,0.02343689337364577,0.004372464980169449,0.93
165,93.8425524777492,7.389611610028667e-12,0.5203969423895757,0.05949442138654376,10,0.006824559941580572,0.016866484783163917,0.010651462905294111,-0.0003819024141334265,0.87
166,3078.883449856853,0.0,0.5035175044751199,0.010457146203279536,10,0.006518752036446636,0.010174419507667305,0.01923970215376263,0.004512317804236683,0.935
167,496.3707687378467,6.457254547942392e-56,0.41195844632860207,0.026815209748537242,11,0.005695474771819925,0.00858518928836434,0.0167320975687163,0.0005304091070097563,0.885
168,12.552994631552508,0.012234969510177288,0.2923301875995469,0.17583441280049977,14,0.01579694804819146,0.03170240796702009,0.048531116171855314,-0.010413134918242745,0.745
169,10864.17615703906,0.0,0.3547446846285291,0.005849963854145186,12,0.010008735442648282,0.012043619411811014,0.044322871944322995,0.00275507663279122,0.855
170,224.36290565447734,3.260602904222337e-26,1.1561605781845898,0.032763192793726,6,0.005593276452961196,0.03452429526312386,0.007441593482210787,-0.0006758534153882189,0.955
171,429.77052421160846,1.1805840092640778e-48,0.37503346049323283,0.02918270896792223,12,0.007677253367967572,0.01211155972391117,0.020882516511131866,-0.001441730720263124,0.85
172,36.40661237896668,1.9853389456429757e-05,0.45263410316672215,0.09773936087113218,11,0.008033310956834279,0.023269842043327726,0.016166122276990314,-0.0018953635364537707,0.93
173,18.581548271135077,0.002303108123846811,0.19408974782019317,0.15021165776499423,14,0.02055808580618876,0.028731801062931907,0.08458808780095019,-0.016532877181458926,0.695
174,7734.552503257623,0.0,0.909771696468705,0.005928372676187766,7,0.00498557399098378,0.018632871662342548,0.010820731138473406,0.002209614861979921,0.95
175,1446.7896880161384,2.446017538542678e-159,0.5482681271364394,0.015059589454575605,9,0.004894634333160398,0.007783650829360214,0.014644111683311116,0.0037518113199053104,0.925
176,72.7819775616144,1.614479321623403e-09,0.5047251036806608,0.0679511104325281,10,0.006751240476682789,0.01731848875814455,0.0123880889309053,-0.0006775868193751306,0.93
177,769.8111521520729,1.0640401366123625e-85,0.25091163059523675,0.02281852433840343,14,0.011742836969067583,0.015997603533743167,0.048981047902333014,-0.002865861347911746,0.75
178,246.44098083941526,1.2478240184058544e-28,0.11581336151560026,0.04263948918183667,14,0.02976264358448512,0.03485116791877219,0.10743267378181352,-0.02013158200111309,0.655
179,467.5237583137403,9.015041497647386e-53,0.32162873933304387,0.028536622381189654,13,0.00963690073886888,0.014865365972915812,0.035369415334670376,-0.0025418562881107387,0.885
180,13975.595532710993,0.0,0.45253024131368363,0.0049899301924064875,11,0.010509974910596765,0.014482115545189255,0.03660477589697465,0.00496120859811797,0.94
181,56.78230372061287,9.911728586860954e-08,0.25267770589828886,0.08397040364295923,14,0.013916863637674248,0.02103958641112821,0.05994531855819131,-0.010221165564710541,0.73
182,23082.730256434268,0.0,0.6193264097888618,0.003688320811149026,9,0.010558773550908016,0.01860942306802452,0.032126533134661225,0.0043879529701076085,0.935
183,1201.613570289617,1.1176788665074976e-132,0.49868344816978827,0.01679480523376182,10,0.005550719263847328,0.00852654193331012,0.016996043165950346,0.0036460229834835755,0.925
184,28.51170302121677,0.00015956393848942443,0.3572584530142509,0.11393934815626258,12,0.011291627087663774,0.02416763510106707,0.03202735583307865,-0.005563114952514951,0.83
185,6773.882414821484,0.0,0.908748703748059,0.006311329059759682,7,0.004791392237016673,0.017643931116653758,0.010381813672850147,0.001902660679506246,0.945
186,5869.858719838623,0.0,0.6845479977093247,0.007176897879090061,8,0.0051053228892126165,0.011013817696294647,0.01407656063477107,0.0035871452666009647,0.945
187,17.29355580255717,0.0032764026220959497,0.33653297128954707,0.14740847564162293,13,0.012678034498685818,0.028439159854578754,0.03631436606799461,-0.007043756666133811,0.83
188,103.55075497919557,6.222730307618572e-13,0.22436683506574207,0.06285114337449901,14,0.016033495489957715,0.02273005090421046,0.07131704277705979,-0.010884474044140686,0.725
189,249.81462382468226,5.332833548385738e-29,0.6683243775646579,0.034905989743571404,8,0.006113849466132878,0.01658911307839108,0.007881379301100324,0.0002749459493015161,0.945
190,7845.930441511343,0.0,0.3296521364299537,0.006943901408780308,13,0.008888158582227279,0.010321276687315922,0.03689560295551604,0.0025347459470190462,0.875
191,455.9050724962469,1.6667435843552123e-51,0.3348714674193904,0.02875003526618403,13,0.009246261547964364,0.014365109530185338,0.030305722682523746,-0.00225714786493625,0.88
192,4170.321167901004,0.0,0.22286643722881944,0.009911928390084234,14,0.01627419433153731,0.019760086867010362,0.0395522744520383,-0.005253179576435959,0.66
193,22.953220689367495,0.000704775534994174,0.23761615825034743,0.13280940995872945,14,0.016351566820668267,0.024194587956504535,0.06582572119995181,-0.012211450930142899,0.725
194,451.47793325102816,5.0657061419586645e-51,1.016563308233376,0.023840222605885277,6,0.005751340220494452,0.02409653897944151,0.0065175376543193326,-0.00043978088658948853,0.97
195,71.40287252928013,2.299943861898175e-09,0.4809167998601419,0.06916119136653591,10,0.006926293963569058,0.016851464494322614,0.01345721786915324,-0.0012154215730403517,0.925
196,38.06050579580521,1.2866232729185876e-05,0.35997505955466214,0.09862557307289935,12,0.010764752002835847,0.021046546746368883,0.031172184869499738,-0.00535947128622557,0.825
197,3293.6116740937214,0.0,0.3370834238181236,0.010692933973616684,13,0.00876160527611514,0.01191475453966411,0.02589553026441581,0.002075320862257933,0.935
198,4488.279065328624,0.0,0.2693258369200285,0.009384025767998471,14,0.0100011901023599,0.011852849432056717,0.03190809418031462,-0.00019571093971149477,0.755
199,120.37332653569395,8.627480051374261e-15,0.4793305188421652,0.05325888259356975,10,0.006351141382764938,0.011385699229282044,0.012053042443295805,-0.0010078875036819263,0.925
